Row Labels,California,New Jersey,New York,North Carolina,Texas,Washington,Wyoming
2016,6.133730968,5.48199446,4.058435438,3.918767507,5.134792627,5.13190184,1.381679389
2018,5.844426494,5.397450111,4.418015482,3.998585573,4.923625255,4.692640693,1.668621701
2020,5.655971779,4.964375,3.868439971,3.755158184,3.933467742,4.273076923,1.787234043
